sample_id,group,catalyst_loading_mg,temperature_c,reaction_time_min,ph,yield_pct,purity_pct,selectivity_pct
S001,Control,5,51.4,75,7.01,40.9,84.5,77.5
S002,Control,5,57.0,75,6.67,46.5,84.5,72.3
S003,Control,5,50.5,105,7.58,40.6,85.1,76.6
S004,Control,5,55.3,120,6.55,48.2,82.7,74.0
S005,Control,5,51.4,75,7.46,40.3,82.6,74.7
S006,Control,5,118.0,75,6.86,12.4,61.3,77.2
S007,Control,5,60.0,90,7.3,42.4,83.2,76.6
S008,Control,5,53.5,105,6.8,43.7,83.1,76.6
S009,Control,5,52.6,105,6.99,42.6,74.8,74.0
S010,Control,5,41.1,90,6.71,42.4,79.3,86.5
S011,Control,5,73.0,120,7.16,49.8,82.5,74.7
S012,Control,5,53.1,90,6.7,43.1,84.9,88.3
S013,Control,5,59.8,60,7.18,46.6,86.6,88.3
S014,Control,5,50.2,90,6.83,40.9,84.9,85.1
S015,Control,5,51.3,105,7.14,42.1,82.6,76.1
S016,Control,5,67.2,90,7.46,45.9,81.1,75.7
S017,Control,5,76.3,90,6.94,48.5,84.4,78.0
S018,Control,5,52.5,105,6.92,45.7,80.8,83.3
S019,Control,5,45.9,120,7.16,41.8,80.8,80.0
S020,Control,5,67.8,90,7.37,48.0,84.4,88.0
S021,Control,5,56.9,75,7.12,48.0,84.1,78.2
S022,Control,5,47.8,105,6.96,43.5,78.3,77.5
S023,Control,5,44.6,120,7.01,45.9,85.4,78.7
S024,Control,5,62.1,120,7.38,47.5,84.0,83.0
S025,Control,5,47.6,105,7.17,48.5,85.1,74.1
S026,Control,5,58.2,60,6.36,40.3,88.3,80.4
S027,Control,5,43.2,60,6.96,37.3,76.8,68.3
S028,Control,5,52.7,60,7.49,40.8,84.3,79.7
S029,Control,5,48.2,75,6.97,42.9,84.5,79.9
S030,Control,5,72.4,120,7.48,53.7,86.5,82.4
S031,LowDose,10,61.5,105,6.41,57.2,85.2,77.9
S032,LowDose,10,72.7,60,6.74,58.7,85.0,79.8
S033,LowDose,10,64.9,60,6.17,59.7,90.0,84.2
S034,LowDose,10,52.6,90,7.0,63.5,85.1,70.8
S035,LowDose,10,45.7,120,6.51,67.3,89.3,81.6
S036,LowDose,10,47.0,60,6.9,49.0,79.0,80.5
S037,LowDose,10,40.3,60,6.95,51.9,88.1,74.0
S038,LowDose,10,54.7,105,7.19,64.3,88.7,74.1
S039,LowDose,10,59.4,240,7.41,21.7,83.8,48.9
S040,LowDose,10,68.7,75,7.08,59.0,88.1,82.4
S041,LowDose,10,48.4,75,7.62,56.2,86.6,75.6
S042,LowDose,10,56.6,120,7.06,65.7,83.0,74.8
S043,LowDose,10,79.6,75,6.84,59.4,86.9,82.0
S044,LowDose,10,43.5,75,6.42,54.4,80.2,80.0
S045,LowDose,10,44.6,60,6.56,58.0,85.8,76.1
S046,LowDose,10,48.3,75,6.89,56.7,83.7,73.6
S047,LowDose,10,60.3,120,7.69,59.5,85.6,81.5
S048,LowDose,10,49.9,120,7.18,58.1,77.9,73.6
S049,LowDose,10,45.7,105,7.77,61.8,87.5,81.3
S050,LowDose,10,63.4,75,7.15,59.8,82.3,85.6
S051,LowDose,10,62.2,75,7.34,62.9,82.4,76.2
S052,LowDose,10,60.4,105,6.66,67.2,85.2,82.0
S053,LowDose,10,41.8,75,7.58,59.3,83.9,76.2
S054,LowDose,10,73.1,90,6.79,62.3,85.6,80.0
S055,LowDose,10,69.2,90,7.56,68.0,83.9,77.9
S056,LowDose,10,52.4,120,6.8,64.6,85.1,90.1
S057,LowDose,10,63.8,75,7.08,57.0,84.9,72.1
S058,LowDose,10,69.8,120,7.25,67.4,83.7,70.9
S059,LowDose,10,67.2,90,7.23,58.8,82.9,81.9
S060,LowDose,10,60.0,105,6.46,65.5,83.8,80.3
S061,HighDose,20,64.8,60,6.99,65.7,88.2,84.0
S062,HighDose,20,44.9,120,6.88,71.0,84.8,78.1
S063,HighDose,20,56.4,105,6.89,73.3,85.9,84.0
S064,HighDose,20,76.1,60,6.94,75.0,88.5,88.8
S065,HighDose,20,57.6,75,7.62,67.3,85.1,83.0
S066,HighDose,20,72.7,60,7.26,71.3,85.5,80.4
S067,HighDose,20,63.5,105,7.72,78.4,82.9,84.2
S068,HighDose,20,44.9,105,6.98,79.5,86.2,79.7
S069,HighDose,20,43.6,120,7.26,77.8,88.3,77.4
S070,HighDose,20,42.5,60,7.29,63.5,86.3,84.8
S071,HighDose,20,40.9,120,6.9,67.1,89.9,79.1
S072,HighDose,20,61.9,75,6.8,68.3,87.3,74.2
S073,HighDose,20,49.6,75,11.6,33.5,70.2,73.5
S074,HighDose,20,50.0,75,6.77,70.5,83.3,83.8
S075,HighDose,20,53.2,105,7.52,76.2,89.5,78.6
S076,HighDose,20,53.2,105,6.88,79.7,83.8,81.2
S077,HighDose,20,54.2,90,6.99,72.5,88.5,76.7
S078,HighDose,20,71.4,105,6.44,74.0,90.4,76.1
S079,HighDose,20,75.6,105,7.17,69.0,81.1,82.7
S080,HighDose,20,64.8,60,7.49,71.0,87.7,78.4
S081,HighDose,20,54.3,60,7.07,71.8,87.2,86.9
S082,HighDose,20,63.3,90,7.07,73.5,89.4,85.7
S083,HighDose,20,47.4,75,7.37,71.8,90.4,75.7
S084,HighDose,20,60.9,90,7.07,79.2,89.2,86.6
S085,HighDose,20,54.9,90,7.69,68.3,77.9,79.6
S086,HighDose,20,70.7,60,7.08,69.6,92.4,87.2
S087,HighDose,20,79.3,120,6.75,78.4,88.5,77.6
S088,HighDose,20,77.2,75,6.58,74.7,84.0,79.8
S089,HighDose,20,78.8,90,6.58,79.4,92.4,86.6
S090,HighDose,20,57.4,60,6.41,68.7,83.8,82.4
